Version,Valid Rate,Valid Rate Std,Novelty Rate,Novelty Rate Std,Recovery Rate,Recovery Rate Std,In-Space Rate,Parse Success Rate,Total Tokens,Total Cost,Samples,LLM,Cost per Sample,Tokens per Sample
V1,0.5633333333333332,0.47127486671792707,0.4883333333333333,0.43843471577875764,0.4883333333333333,0.43843471577875764,0.5633333333333332,1.0,49980,0.007965719999999999,50,DeepSeek(deepseek-chat),0.00015931439999999997,999.6
V2,0.51,0.4754062590154983,0.5333333333333333,0.44938229209042546,0.45,0.44845413490245706,0.6033333333333333,0.81,75943,0.010711540000000004,50,DeepSeek(deepseek-chat),0.00021423080000000007,1518.86
V3,0.4533333333333333,0.45709225910458523,0.475,0.44915043260706217,0.4283333333333333,0.44410021391573323,0.5,0.7833333333333333,100276,0.014122780000000001,50,DeepSeek(deepseek-chat),0.0002824556,2005.52
