Version,Valid Rate,Valid Rate Std,Novelty Rate,Novelty Rate Std,Recovery Rate,Recovery Rate Std,In-Space Rate,Parse Success Rate,Total Tokens,Total Cost,Samples,LLM,Cost per Sample,Tokens per Sample
V1,0.5633333333333332,0.47127486671792707,0.4883333333333333,0.43843471577875764,0.4883333333333333,0.43843471577875764,0.5633333333333332,1.0,49980,0.007965719999999999,50,DeepSeek(deepseek-chat),0.00015931439999999997,999.6
V2,0.4333333333333333,0.42031734043061636,0.52,0.4367048329376618,0.4333333333333333,0.42031734043061636,0.52,0.8366666666666666,87509,0.01233596,50,DeepSeek(deepseek-chat),0.0002467192,1750.18
V3,0.6933333333333335,0.44015148907317503,0.655,0.41028783934100593,0.6283333333333334,0.43115155881275286,0.72,1.0,57776,0.008139599999999999,50,DeepSeek(deepseek-chat),0.00016279199999999998,1155.52
